<?xml version="1.0" encoding="UTF-8"?>
<project-private xmlns="http://www.netbeans.org/ns/project-private/1">
    <editor-bookmarks xmlns="http://www.netbeans.org/ns/editor-bookmarks/2" lastBookmarkId="0"/>
    <open-files xmlns="http://www.netbeans.org/ns/projectui-open-files/2">
        <group>
            <file>file:/C:/Temp/FrontController-4H/FrontController-4H/src/java/mack/servlets/FrontControllerServlet.java</file>
            <file>file:/C:/Temp/FrontController-4H/FrontController-4H/src/java/mack/controllers/Controller.java</file>
            <file>file:/C:/Temp/FrontController-4H/FrontController-4H/web/index.jsp</file>
            <file>file:/C:/Temp/FrontController-4H/FrontController-4H/src/java/mack/controllers/AbstractController.java</file>
            <file>file:/C:/Temp/FrontController-4H/FrontController-4H/src/java/mack/controllers/impl/ListController.java</file>
            <file>file:/C:/Temp/FrontController-4H/FrontController-4H/src/java/mack/controllers/ControllerFactory.java</file>
        </group>
    </open-files>
</project-private>
